f_m_id,age,family_relation,q_301,q_302_e_txt,q_534,q_535_txt,q_536
1,10,رئيس الأسرة,ابتدائي,,قطاع خاص,شركة,تجارة
2,16,ابن,ثانوي عام,,قطاع خاص,مؤسسة,خدمات
3,18,ابن,دبلوم تقني,,قطاع خاص,مؤسسة,خدمات
4,20,ابن,بكالوريوس هندسة,,قطاع خاص,مؤسسة,خدمات
5,22,ابن,ماجستير إدارة,,قطاع خاص,مؤسسة,خدمات
6,24,ابن,دكتوراه فيزياء,,قطاع خاص,مؤسسة,خدمات
7,35,زوجة,ثانوي عام فقط,009999 تخصص جامعي,قطاع خاص,مكتب,استشارات
8,42,ابن,ثانوي,,عمالة منزلية,شركة الكهرباء السعودية,توليد الطاقة
9,45,ابن,بكالوريوس محاسبة,,قطاع خاص,مستشفى,صحة
